-- phpMyAdmin SQL Dump
-- version 5.2.0
-- https://www.phpmyadmin.net/
--
-- Host: 127.0.0.1
-- Generation Time: Jan 21, 2023 at 02:51 PM
-- Server version: 10.4.24-MariaDB
-- PHP Version: 7.4.29

SET SQL_MODE = "NO_AUTO_VALUE_ON_ZERO";
START TRANSACTION;
SET time_zone = "+00:00";


/*!40101 SET @OLD_CHARACTER_SET_CLIENT=@@CHARACTER_SET_CLIENT */;
/*!40101 SET @OLD_CHARACTER_SET_RESULTS=@@CHARACTER_SET_RESULTS */;
/*!40101 SET @OLD_COLLATION_CONNECTION=@@COLLATION_CONNECTION */;
/*!40101 SET NAMES utf8mb4 */;

--
-- Database: `tokokue`
--

-- --------------------------------------------------------

--
-- Table structure for table `tbl_barang`
--

CREATE TABLE `tbl_barang` (
  `id_barang` int(11) NOT NULL,
  `nama_barang` varchar(255) DEFAULT NULL,
  `id_kategori` int(11) DEFAULT NULL,
  `harga` int(11) DEFAULT NULL,
  `deskripsi` mediumtext DEFAULT NULL,
  `gambar` text DEFAULT NULL,
  `berat` int(11) NOT NULL
) ENGINE=MyISAM DEFAULT CHARSET=latin1 ROW_FORMAT=DYNAMIC;

--
-- Dumping data for table `tbl_barang`
--

INSERT INTO `tbl_barang` (`id_barang`, `nama_barang`, `id_kategori`, `harga`, `deskripsi`, `gambar`, `berat`) VALUES
(8, 'Chocolate birthday Cake', 15, 100000, 'Chocolate birthday cake with writing can request according to taste', 'kue_ultah_wafer.jpg', 1000),
(10, 'Brownies', 15, 20000, 'Brownies topped with cheese and chocolate sprinkles', 'coklat-foto.jpg', 50),
(11, 'Macaron', 15, 50000, 'Macaron with various flavors in 1 box', 'Macaron_14.png', 75),
(12, 'Donut', 15, 25000, 'Donuts with various topping variants can be requested according to taste', 'Pastry_4.png', 10),
(13, 'Cake + Cream Topping', 15, 25000, 'Cake with cream topping', 'Cupcake_9.png', 25),
(14, 'Red Velvet Cake', 15, 25000, 'Red velvet cake with cream topping', 'red_velvet_cupcake_pic.png', 25),
(15, 'Rainbow Cake', 15, 125000, 'Colorful cakes can request colors according to taste', 'Cake_1.png', 1000),
(16, 'Dry Bread', 16, 50000, 'Dry bread with various shapes and flavors', 'Pastry_9.png', 100),
(17, 'Bread', 16, 40000, 'Dry bread with one shape but with various flavors', 'Pastry_7.png', 100),
(18, 'Sugar Buns', 16, 25000, 'Bread sprinkled with sugar and chocolate filling inside', 'Pastry_81.png', 50),
(19, 'Cookies', 16, 25000, 'Cookies with cream plus a sprinkling of chocolate candy', 'Cookie_8.png', 25),
(20, 'Original Cookies', 16, 20000, 'Original cookies without any additional toppings', 'Cookie_1.png', 25),
(21, 'Fruits Dessert', 17, 28000, 'Fruit dessert with fresh and quality fruit', 'product-big-3.jpg', 15),
(22, 'Caramel Dessert', 17, 35000, 'Dessert with caramel topping with lots of piles of ground fruit, candy or chocolate', 'dessert-foto.jpg', 20),
(23, 'Ice Cream ', 17, 24000, 'Ice cream with your choice of vanilla, chocolate or strawberry flavour', 'dessert_1-foto.jpg', 10);

-- --------------------------------------------------------

--
-- Table structure for table `tbl_gambar`
--

CREATE TABLE `tbl_gambar` (
  `id_gambar` int(11) NOT NULL,
  `id_barang` int(11) NOT NULL,
  `ket` varchar(255) DEFAULT NULL,
  `gambar` text DEFAULT NULL
) ENGINE=MyISAM DEFAULT CHARSET=latin1 ROW_FORMAT=DYNAMIC;

--
-- Dumping data for table `tbl_gambar`
--

INSERT INTO `tbl_gambar` (`id_gambar`, `id_barang`, `ket`, `gambar`) VALUES
(35, 11, 'White', 'Macaron_12.png'),
(33, 11, 'Yellow', 'Macaron_13.png'),
(32, 11, 'Orange', 'Macaron_3.png');

-- --------------------------------------------------------

--
-- Table structure for table `tbl_kategori`
--

CREATE TABLE `tbl_kategori` (
  `id_kategori` int(11) NOT NULL,
  `nama_kategori` varchar(50) DEFAULT NULL
) ENGINE=MyISAM DEFAULT CHARSET=latin1 ROW_FORMAT=DYNAMIC;

--
-- Dumping data for table `tbl_kategori`
--

INSERT INTO `tbl_kategori` (`id_kategori`, `nama_kategori`) VALUES
(15, 'Cake'),
(16, 'Bread'),
(17, 'Dessert');

-- --------------------------------------------------------

--
-- Table structure for table `tbl_pelanggan`
--

CREATE TABLE `tbl_pelanggan` (
  `id_pelanggan` int(11) NOT NULL,
  `nama_pelanggan` varchar(255) DEFAULT NULL,
  `email` varchar(255) DEFAULT NULL,
  `password` text DEFAULT NULL,
  `foto` text DEFAULT NULL
) ENGINE=MyISAM DEFAULT CHARSET=latin1 ROW_FORMAT=DYNAMIC;

--
-- Dumping data for table `tbl_pelanggan`
--

INSERT INTO `tbl_pelanggan` (`id_pelanggan`, `nama_pelanggan`, `email`, `password`, `foto`) VALUES
(8, 'aisyah', 'aisyah@gmail.com', 'ini1234', NULL),
(7, 'siti', 'siti@gmail.com', '12345', NULL);

-- --------------------------------------------------------

--
-- Table structure for table `tbl_rekening`
--

CREATE TABLE `tbl_rekening` (
  `id_rekening` int(11) NOT NULL,
  `nama_bank` varchar(25) DEFAULT NULL,
  `no_rek` varchar(25) DEFAULT NULL,
  `atas_nama` varchar(25) DEFAULT NULL
) ENGINE=MyISAM DEFAULT CHARSET=latin1 ROW_FORMAT=DYNAMIC;

--
-- Dumping data for table `tbl_rekening`
--

INSERT INTO `tbl_rekening` (`id_rekening`, `nama_bank`, `no_rek`, `atas_nama`) VALUES
(3, 'BRI', '6754 0898 7643 567', 'Aisyah');

-- --------------------------------------------------------

--
-- Table structure for table `tbl_rinci_transaksi`
--

CREATE TABLE `tbl_rinci_transaksi` (
  `id_rinci` int(11) NOT NULL,
  `no_order` varchar(25) DEFAULT NULL,
  `id_barang` int(11) DEFAULT NULL,
  `qty` int(11) DEFAULT NULL
) ENGINE=MyISAM DEFAULT CHARSET=latin1 ROW_FORMAT=DYNAMIC;

--
-- Dumping data for table `tbl_rinci_transaksi`
--

INSERT INTO `tbl_rinci_transaksi` (`id_rinci`, `no_order`, `id_barang`, `qty`) VALUES
(37, '20230119KV86Y9AI', 17, 1),
(36, '20230119KV86Y9AI', 16, 1),
(35, '20230119KLBRQNGY', 10, 1),
(34, '20230119KLBRQNGY', 16, 1),
(33, '20230119KLBRQNGY', 11, 1);

-- --------------------------------------------------------

--
-- Table structure for table `tbl_setting`
--

CREATE TABLE `tbl_setting` (
  `id` int(1) NOT NULL,
  `nama_toko` varchar(255) DEFAULT NULL,
  `lokasi` int(11) DEFAULT NULL,
  `alamat_toko` text DEFAULT NULL,
  `no_telpon` varchar(15) DEFAULT NULL
) ENGINE=MyISAM DEFAULT CHARSET=latin1 ROW_FORMAT=DYNAMIC;

--
-- Dumping data for table `tbl_setting`
--

INSERT INTO `tbl_setting` (`id`, `nama_toko`, `lokasi`, `alamat_toko`, `no_telpon`) VALUES
(1, 'Sweet.It Cake', 501, 'Jl. Indah Permata No. 1707', '0823532455245');

-- --------------------------------------------------------

--
-- Table structure for table `tbl_transaksi`
--

CREATE TABLE `tbl_transaksi` (
  `id_transaksi` int(11) NOT NULL,
  `id_pelanggan` int(11) DEFAULT NULL,
  `no_order` varchar(25) NOT NULL,
  `tgl_order` date DEFAULT NULL,
  `nama_penerima` varchar(25) DEFAULT NULL,
  `hp_penerima` varchar(15) DEFAULT NULL,
  `provinsi` varchar(25) DEFAULT NULL,
  `kota` varchar(25) DEFAULT NULL,
  `alamat` text DEFAULT NULL,
  `kode_pos` varchar(8) DEFAULT NULL,
  `expedisi` varchar(255) DEFAULT NULL,
  `paket` varchar(255) DEFAULT NULL,
  `estimasi` varchar(255) DEFAULT NULL,
  `ongkir` int(11) DEFAULT NULL,
  `berat` int(11) DEFAULT NULL,
  `grand_total` int(11) DEFAULT NULL,
  `total_bayar` int(11) DEFAULT NULL,
  `status_bayar` int(1) DEFAULT NULL,
  `bukti_bayar` text DEFAULT NULL,
  `atas_nama` varchar(25) DEFAULT NULL,
  `nama_bank` varchar(25) DEFAULT NULL,
  `no_rek` varchar(25) DEFAULT NULL,
  `status_order` int(1) DEFAULT NULL,
  `no_resi` varchar(25) DEFAULT NULL
) ENGINE=MyISAM DEFAULT CHARSET=latin1 ROW_FORMAT=DYNAMIC;

--
-- Dumping data for table `tbl_transaksi`
--

INSERT INTO `tbl_transaksi` (`id_transaksi`, `id_pelanggan`, `no_order`, `tgl_order`, `nama_penerima`, `hp_penerima`, `provinsi`, `kota`, `alamat`, `kode_pos`, `expedisi`, `paket`, `estimasi`, `ongkir`, `berat`, `grand_total`, `total_bayar`, `status_bayar`, `bukti_bayar`, `atas_nama`, `nama_bank`, `no_rek`, `status_order`, `no_resi`) VALUES
(27, 7, '20230119KV86Y9AI', '2023-01-19', 'kk', '77985', 'Jawa Timur', '251', 'nn', '77', 'jne', 'REG', '4-5 Hari', 20000, 200, 90000, 110000, 0, NULL, NULL, NULL, NULL, 0, NULL),
(26, 7, '20230119KLBRQNGY', '2023-01-19', 'Siti Aisyah', '086453456246', 'DI Yogyakarta', '419', 'Sleman', '55511', 'jne', 'CTC', '1-2 Hari', 6000, 225, 120000, 126000, 1, 'noimage.png', 'Siti Aisyah', 'BRI', '0091863525126', 1, NULL);

-- --------------------------------------------------------

--
-- Table structure for table `tbl_user`
--

CREATE TABLE `tbl_user` (
  `id_user` int(11) NOT NULL,
  `nama_user` varchar(25) DEFAULT NULL,
  `username` varchar(25) DEFAULT NULL,
  `password` varchar(25) DEFAULT NULL
) ENGINE=MyISAM DEFAULT CHARSET=latin1 ROW_FORMAT=DYNAMIC;

--
-- Dumping data for table `tbl_user`
--

INSERT INTO `tbl_user` (`id_user`, `nama_user`, `username`, `password`) VALUES
(1, 'Super Admin', 'superadmin', '12345'),
(2, 'Admin ', 'admin', '12345');

--
-- Indexes for dumped tables
--

--
-- Indexes for table `tbl_barang`
--
ALTER TABLE `tbl_barang`
  ADD PRIMARY KEY (`id_barang`) USING BTREE;

--
-- Indexes for table `tbl_gambar`
--
ALTER TABLE `tbl_gambar`
  ADD PRIMARY KEY (`id_gambar`) USING BTREE;

--
-- Indexes for table `tbl_kategori`
--
ALTER TABLE `tbl_kategori`
  ADD PRIMARY KEY (`id_kategori`) USING BTREE;

--
-- Indexes for table `tbl_pelanggan`
--
ALTER TABLE `tbl_pelanggan`
  ADD PRIMARY KEY (`id_pelanggan`) USING BTREE;

--
-- Indexes for table `tbl_rekening`
--
ALTER TABLE `tbl_rekening`
  ADD PRIMARY KEY (`id_rekening`) USING BTREE;

--
-- Indexes for table `tbl_rinci_transaksi`
--
ALTER TABLE `tbl_rinci_transaksi`
  ADD PRIMARY KEY (`id_rinci`) USING BTREE;

--
-- Indexes for table `tbl_setting`
--
ALTER TABLE `tbl_setting`
  ADD PRIMARY KEY (`id`) USING BTREE;

--
-- Indexes for table `tbl_transaksi`
--
ALTER TABLE `tbl_transaksi`
  ADD PRIMARY KEY (`id_transaksi`) USING BTREE;

--
-- Indexes for table `tbl_user`
--
ALTER TABLE `tbl_user`
  ADD PRIMARY KEY (`id_user`) USING BTREE;

--
-- AUTO_INCREMENT for dumped tables
--

--
-- AUTO_INCREMENT for table `tbl_barang`
--
ALTER TABLE `tbl_barang`
  MODIFY `id_barang` int(11) NOT NULL AUTO_INCREMENT, AUTO_INCREMENT=24;

--
-- AUTO_INCREMENT for table `tbl_gambar`
--
ALTER TABLE `tbl_gambar`
  MODIFY `id_gambar` int(11) NOT NULL AUTO_INCREMENT, AUTO_INCREMENT=37;

--
-- AUTO_INCREMENT for table `tbl_kategori`
--
ALTER TABLE `tbl_kategori`
  MODIFY `id_kategori` int(11) NOT NULL AUTO_INCREMENT, AUTO_INCREMENT=18;

--
-- AUTO_INCREMENT for table `tbl_pelanggan`
--
ALTER TABLE `tbl_pelanggan`
  MODIFY `id_pelanggan` int(11) NOT NULL AUTO_INCREMENT, AUTO_INCREMENT=9;

--
-- AUTO_INCREMENT for table `tbl_rekening`
--
ALTER TABLE `tbl_rekening`
  MODIFY `id_rekening` int(11) NOT NULL AUTO_INCREMENT, AUTO_INCREMENT=4;

--
-- AUTO_INCREMENT for table `tbl_rinci_transaksi`
--
ALTER TABLE `tbl_rinci_transaksi`
  MODIFY `id_rinci` int(11) NOT NULL AUTO_INCREMENT, AUTO_INCREMENT=38;

--
-- AUTO_INCREMENT for table `tbl_transaksi`
--
ALTER TABLE `tbl_transaksi`
  MODIFY `id_transaksi` int(11) NOT NULL AUTO_INCREMENT, AUTO_INCREMENT=28;

--
-- AUTO_INCREMENT for table `tbl_user`
--
ALTER TABLE `tbl_user`
  MODIFY `id_user` int(11) NOT NULL AUTO_INCREMENT, AUTO_INCREMENT=6;
COMMIT;

/*!40101 SET CHARACTER_SET_CLIENT=@OLD_CHARACTER_SET_CLIENT */;
/*!40101 SET CHARACTER_SET_RESULTS=@OLD_CHARACTER_SET_RESULTS */;
/*!40101 SET COLLATION_CONNECTION=@OLD_COLLATION_CONNECTION */;
